-- Sample Spring Batch metadata. Runs once on first container start, after 01-schema.sql.
-- Dates are computed relative to TRUNC(SYSDATE) so the data always looks "recent" no matter
-- when the container is provisioned. Per-step counts and durations are randomized via
-- DBMS_RANDOM so each engine's dashboard view shows distinct values; status counts stay
-- deterministic so repository tests can assert exact totals (90 COMPLETED, 1 FAILED, 1 STARTED).
--
-- Each gvenzl init script gets a fresh CDB$ROOT-as-sysdba session, so we re-target FREEPDB1 /
-- SYSTEM here too.
ALTER SESSION SET CONTAINER = FREEPDB1;
ALTER SESSION SET CURRENT_SCHEMA = SYSTEM;

-- Layout:
--   * dailyImportJob:     90 COMPLETED runs, one per day going back 90 days (instance/execution
--                         IDs 1..90, step IDs 1..180 — read+write step pair per execution).
--   * reconcileLedgerJob: 1 FAILED run today (instance/execution ID 91, step ID 181).
--   * sendDigestEmailJob: 1 STARTED (in-flight) run today (instance/execution ID 92,
--                         step ID 182).

-- 90 daily import job instances
INSERT INTO BATCH_JOB_INSTANCE (JOB_INSTANCE_ID, VERSION, JOB_NAME, JOB_KEY)
SELECT LEVEL, 0, 'dailyImportJob', LOWER(STANDARD_HASH('daily-' || TO_CHAR(LEVEL), 'MD5'))
FROM dual CONNECT BY LEVEL <= 90;

INSERT INTO BATCH_JOB_INSTANCE (JOB_INSTANCE_ID, VERSION, JOB_NAME, JOB_KEY) VALUES (91, 0, 'reconcileLedgerJob', '4d1f3e6a3c5a6f7d0e9a8b1c2d3e4f50');
INSERT INTO BATCH_JOB_INSTANCE (JOB_INSTANCE_ID, VERSION, JOB_NAME, JOB_KEY) VALUES (92, 0, 'sendDigestEmailJob', '5e2a4f7b4d6b7a8e1f0b9c2d3e4f5061');

-- 90 daily executions: execution N happened (90 - N) days ago, starting at 08:00:01.
-- End time is randomized between 60–300 seconds after start so the trend chart varies.
-- DBMS_RANDOM.VALUE(60, 301) returns a [60, 301) double; TRUNC strips the fraction so we get [60, 300].
INSERT INTO BATCH_JOB_EXECUTION
    (JOB_EXECUTION_ID, VERSION, JOB_INSTANCE_ID, CREATE_TIME, START_TIME, END_TIME, STATUS, EXIT_CODE, EXIT_MESSAGE, LAST_UPDATED)
SELECT
    LEVEL, 2, LEVEL,
    TRUNC(SYSDATE) - (90 - LEVEL) + INTERVAL '8' HOUR,
    TRUNC(SYSDATE) - (90 - LEVEL) + INTERVAL '8' HOUR + INTERVAL '1' SECOND,
    TRUNC(SYSDATE) - (90 - LEVEL) + INTERVAL '8' HOUR + INTERVAL '1' SECOND + NUMTODSINTERVAL(TRUNC(DBMS_RANDOM.VALUE(60, 301)), 'SECOND'),
    'COMPLETED', 'COMPLETED', NULL,
    TRUNC(SYSDATE) - (90 - LEVEL) + INTERVAL '8' HOUR + INTERVAL '1' SECOND + NUMTODSINTERVAL(TRUNC(DBMS_RANDOM.VALUE(60, 301)), 'SECOND')
FROM dual CONNECT BY LEVEL <= 90;

-- Reconcile (FAILED) and digest (STARTED) tail executions. Both happened today. Fixed values.
INSERT INTO BATCH_JOB_EXECUTION (JOB_EXECUTION_ID, VERSION, JOB_INSTANCE_ID, CREATE_TIME, START_TIME, END_TIME, STATUS, EXIT_CODE, EXIT_MESSAGE, LAST_UPDATED)
    VALUES (91, 2, 91,
        TRUNC(SYSDATE) + INTERVAL '2' HOUR,
        TRUNC(SYSDATE) + INTERVAL '2' HOUR + INTERVAL '1' SECOND,
        TRUNC(SYSDATE) + INTERVAL '2' HOUR + INTERVAL '5' MINUTE,
        'FAILED', 'FAILED', 'java.lang.IllegalStateException: ledger out of balance',
        TRUNC(SYSDATE) + INTERVAL '2' HOUR + INTERVAL '5' MINUTE);
INSERT INTO BATCH_JOB_EXECUTION (JOB_EXECUTION_ID, VERSION, JOB_INSTANCE_ID, CREATE_TIME, START_TIME, END_TIME, STATUS, EXIT_CODE, EXIT_MESSAGE, LAST_UPDATED)
    VALUES (92, 1, 92,
        TRUNC(SYSDATE) + INTERVAL '9' HOUR + INTERVAL '30' MINUTE,
        TRUNC(SYSDATE) + INTERVAL '9' HOUR + INTERVAL '30' MINUTE + INTERVAL '1' SECOND,
        NULL,
        'STARTED', 'UNKNOWN', NULL,
        TRUNC(SYSDATE) + INTERVAL '9' HOUR + INTERVAL '30' MINUTE + INTERVAL '30' SECOND);

-- Daily import params (run.id stamp per execution).
INSERT INTO BATCH_JOB_EXECUTION_PARAMS (JOB_EXECUTION_ID, PARAMETER_NAME, PARAMETER_TYPE, PARAMETER_VALUE, IDENTIFYING)
SELECT LEVEL, 'run.id', 'java.lang.Long', TO_CHAR(LEVEL), 'Y'
FROM dual CONNECT BY LEVEL <= 90;

INSERT INTO BATCH_JOB_EXECUTION_PARAMS (JOB_EXECUTION_ID, PARAMETER_NAME, PARAMETER_TYPE, PARAMETER_VALUE, IDENTIFYING) VALUES (91, 'asOfDate', 'java.time.LocalDate', TO_CHAR(TRUNC(SYSDATE), 'YYYY-MM-DD'), 'Y');
INSERT INTO BATCH_JOB_EXECUTION_PARAMS (JOB_EXECUTION_ID, PARAMETER_NAME, PARAMETER_TYPE, PARAMETER_VALUE, IDENTIFYING) VALUES (92, 'audience', 'java.lang.String',    'weekly-digest',                                  'Y');

-- readUsersStep (id 2n-1) per daily import: 800..1200 records, 8..12 commits, 20..80s duration.
INSERT INTO BATCH_STEP_EXECUTION
    (STEP_EXECUTION_ID, VERSION, STEP_NAME, JOB_EXECUTION_ID, CREATE_TIME, START_TIME, END_TIME, STATUS,
     COMMIT_COUNT, READ_COUNT, FILTER_COUNT, WRITE_COUNT, READ_SKIP_COUNT, WRITE_SKIP_COUNT, PROCESS_SKIP_COUNT,
     ROLLBACK_COUNT, EXIT_CODE, EXIT_MESSAGE, LAST_UPDATED)
SELECT
    2 * LEVEL - 1, 3, 'readUsersStep', LEVEL,
    TRUNC(SYSDATE) - (90 - LEVEL) + INTERVAL '8' HOUR + INTERVAL '1' SECOND,
    TRUNC(SYSDATE) - (90 - LEVEL) + INTERVAL '8' HOUR + INTERVAL '2' SECOND,
    TRUNC(SYSDATE) - (90 - LEVEL) + INTERVAL '8' HOUR + INTERVAL '2' SECOND + NUMTODSINTERVAL(TRUNC(DBMS_RANDOM.VALUE(20, 81)), 'SECOND'),
    'COMPLETED',
    TRUNC(DBMS_RANDOM.VALUE(8, 13)),
    TRUNC(DBMS_RANDOM.VALUE(800, 1201)),
    0,
    TRUNC(DBMS_RANDOM.VALUE(800, 1201)),
    0, 0, 0, 0, 'COMPLETED', NULL,
    TRUNC(SYSDATE) - (90 - LEVEL) + INTERVAL '8' HOUR + INTERVAL '2' SECOND + NUMTODSINTERVAL(TRUNC(DBMS_RANDOM.VALUE(20, 81)), 'SECOND')
FROM dual CONNECT BY LEVEL <= 90;

-- writeUsersStep (id 2n) per daily import: 800..1200 records, 8..12 commits, 30..120s duration.
INSERT INTO BATCH_STEP_EXECUTION
    (STEP_EXECUTION_ID, VERSION, STEP_NAME, JOB_EXECUTION_ID, CREATE_TIME, START_TIME, END_TIME, STATUS,
     COMMIT_COUNT, READ_COUNT, FILTER_COUNT, WRITE_COUNT, READ_SKIP_COUNT, WRITE_SKIP_COUNT, PROCESS_SKIP_COUNT,
     ROLLBACK_COUNT, EXIT_CODE, EXIT_MESSAGE, LAST_UPDATED)
SELECT
    2 * LEVEL, 3, 'writeUsersStep', LEVEL,
    TRUNC(SYSDATE) - (90 - LEVEL) + INTERVAL '8' HOUR + INTERVAL '1' MINUTE + INTERVAL '30' SECOND,
    TRUNC(SYSDATE) - (90 - LEVEL) + INTERVAL '8' HOUR + INTERVAL '1' MINUTE + INTERVAL '31' SECOND,
    TRUNC(SYSDATE) - (90 - LEVEL) + INTERVAL '8' HOUR + INTERVAL '1' MINUTE + INTERVAL '31' SECOND + NUMTODSINTERVAL(TRUNC(DBMS_RANDOM.VALUE(30, 121)), 'SECOND'),
    'COMPLETED',
    TRUNC(DBMS_RANDOM.VALUE(8, 13)),
    TRUNC(DBMS_RANDOM.VALUE(800, 1201)),
    0,
    TRUNC(DBMS_RANDOM.VALUE(800, 1201)),
    0, 0, 0, 0, 'COMPLETED', NULL,
    TRUNC(SYSDATE) - (90 - LEVEL) + INTERVAL '8' HOUR + INTERVAL '1' MINUTE + INTERVAL '31' SECOND + NUMTODSINTERVAL(TRUNC(DBMS_RANDOM.VALUE(30, 121)), 'SECOND')
FROM dual CONNECT BY LEVEL <= 90;

-- Tail steps: reconcile (FAILED) + digest (STARTED). Fixed values.
INSERT INTO BATCH_STEP_EXECUTION (STEP_EXECUTION_ID, VERSION, STEP_NAME, JOB_EXECUTION_ID, CREATE_TIME, START_TIME, END_TIME, STATUS, COMMIT_COUNT, READ_COUNT, FILTER_COUNT, WRITE_COUNT, READ_SKIP_COUNT, WRITE_SKIP_COUNT, PROCESS_SKIP_COUNT, ROLLBACK_COUNT, EXIT_CODE, EXIT_MESSAGE, LAST_UPDATED)
    VALUES (181, 3, 'reconcileStep', 91,
        TRUNC(SYSDATE) + INTERVAL '2' HOUR + INTERVAL '1' SECOND,
        TRUNC(SYSDATE) + INTERVAL '2' HOUR + INTERVAL '2' SECOND,
        TRUNC(SYSDATE) + INTERVAL '2' HOUR + INTERVAL '5' MINUTE,
        'FAILED', 4, 500, 0, 400, 0, 0, 0, 1, 'FAILED', 'java.lang.IllegalStateException: ledger out of balance',
        TRUNC(SYSDATE) + INTERVAL '2' HOUR + INTERVAL '5' MINUTE);

INSERT INTO BATCH_STEP_EXECUTION (STEP_EXECUTION_ID, VERSION, STEP_NAME, JOB_EXECUTION_ID, CREATE_TIME, START_TIME, END_TIME, STATUS, COMMIT_COUNT, READ_COUNT, FILTER_COUNT, WRITE_COUNT, READ_SKIP_COUNT, WRITE_SKIP_COUNT, PROCESS_SKIP_COUNT, ROLLBACK_COUNT, EXIT_CODE, EXIT_MESSAGE, LAST_UPDATED)
    VALUES (182, 1, 'composeDigestStep', 92,
        TRUNC(SYSDATE) + INTERVAL '9' HOUR + INTERVAL '30' MINUTE + INTERVAL '1' SECOND,
        TRUNC(SYSDATE) + INTERVAL '9' HOUR + INTERVAL '30' MINUTE + INTERVAL '2' SECOND,
        NULL,
        'STARTED', 0, 20, 0, 15, 0, 0, 0, 0, 'EXECUTING', NULL,
        TRUNC(SYSDATE) + INTERVAL '9' HOUR + INTERVAL '30' MINUTE + INTERVAL '30' SECOND);

-- Job-execution context (one per execution, required by the FK in 01-schema.sql).
INSERT INTO BATCH_JOB_EXECUTION_CONTEXT (JOB_EXECUTION_ID, SHORT_CONTEXT, SERIALIZED_CONTEXT)
SELECT LEVEL, '{"@class":"java.util.HashMap","batch.taskletType":"chunk"}', NULL
FROM dual CONNECT BY LEVEL <= 90;

INSERT INTO BATCH_JOB_EXECUTION_CONTEXT (JOB_EXECUTION_ID, SHORT_CONTEXT, SERIALIZED_CONTEXT) VALUES (91, '{"@class":"java.util.HashMap","batch.taskletType":"chunk","lastError":"ledger out of balance"}', NULL);
INSERT INTO BATCH_JOB_EXECUTION_CONTEXT (JOB_EXECUTION_ID, SHORT_CONTEXT, SERIALIZED_CONTEXT) VALUES (92, '{"@class":"java.util.HashMap","batch.taskletType":"chunk"}', NULL);

-- Step-execution context (one per step).
INSERT INTO BATCH_STEP_EXECUTION_CONTEXT (STEP_EXECUTION_ID, SHORT_CONTEXT, SERIALIZED_CONTEXT)
SELECT 2 * LEVEL - 1, '{"@class":"java.util.HashMap","FlatFileItemReader.read.count":1000}', NULL
FROM dual CONNECT BY LEVEL <= 90;

INSERT INTO BATCH_STEP_EXECUTION_CONTEXT (STEP_EXECUTION_ID, SHORT_CONTEXT, SERIALIZED_CONTEXT)
SELECT 2 * LEVEL, '{"@class":"java.util.HashMap","JdbcBatchItemWriter.write.count":1000}', NULL
FROM dual CONNECT BY LEVEL <= 90;

INSERT INTO BATCH_STEP_EXECUTION_CONTEXT (STEP_EXECUTION_ID, SHORT_CONTEXT, SERIALIZED_CONTEXT) VALUES (181, '{"@class":"java.util.HashMap","reconcile.lastAccountId":"ACC-000410"}', NULL);
INSERT INTO BATCH_STEP_EXECUTION_CONTEXT (STEP_EXECUTION_ID, SHORT_CONTEXT, SERIALIZED_CONTEXT) VALUES (182, '{"@class":"java.util.HashMap","digest.batchOffset":15}', NULL);

COMMIT;

-- Bump sequences past seeded IDs so live Spring Batch runs don't collide.
ALTER SEQUENCE BATCH_JOB_INSTANCE_SEQ   RESTART START WITH 93;
ALTER SEQUENCE BATCH_JOB_EXECUTION_SEQ  RESTART START WITH 93;
ALTER SEQUENCE BATCH_STEP_EXECUTION_SEQ RESTART START WITH 183;
